,Unnamed: 0,0,1,2,3,4,5,6,length,Class,Set
0,0,503,806,9,12,False,./input/Helsinborg_23_aug_22_2/Helsinborg_23_aug_22_2_01_09.jpg,0,22.5,False,Helsinborg
1,1,409,641,71,91,True,./input/Helsinborg_23_aug_22_2/Helsinborg_23_aug_22_2_01_11.jpg,4,173.13145294833058,True,Helsinborg
2,2,635,649,17,13,False,./input/Helsinborg_23_aug_22_2/Helsinborg_23_aug_22_2_01_11.jpg,4,32.101401838549044,False,Helsinborg
3,3,562,481,240,73,True,./input/Helsinborg_23_aug_22_2/Helsinborg_23_aug_22_2_01_11.jpg,4,376.2847990551837,True,Helsinborg
4,4,697,554,300,142,True,./input/Helsinborg_23_aug_22_2/Helsinborg_23_aug_22_2_01_11.jpg,4,497.8644393808419,True,Helsinborg
5,5,388,0,11,12,False,./input/Helsinborg_23_aug_22_2/Helsinborg_23_aug_22_2_02_09.jpg,0,24.41823089414956,False,Helsinborg
6,6,451,345,178,107,True,./input/Helsinborg_23_aug_22_2/Helsinborg_23_aug_22_2_03_03.jpg,1,311.5272861243458,True,Helsinborg
7,7,526,582,14,10,False,./input/Helsinborg_23_aug_22_2/Helsinborg_23_aug_22_2_03_09.jpg,0,25.80697580112788,False,Helsinborg
8,8,810,517,10,11,False,./input/Helsinborg_23_aug_22_2/Helsinborg_23_aug_22_2_03_10.jpg,0,22.29910312097776,False,Helsinborg
9,9,979,232,45,35,False,./input/Helsinborg_23_aug_22_2/Helsinborg_23_aug_22_2_04_03.jpg,1,85.51315688243534,False,Helsinborg
10,10,2,255,9,12,False,./input/Helsinborg_23_aug_22_2/Helsinborg_23_aug_22_2_04_04.jpg,0,22.5,False,Helsinborg
11,11,321,544,14,12,False,./input/Helsinborg_23_aug_22_2/Helsinborg_23_aug_22_2_04_11.jpg,0,27.65863337187866,False,Helsinborg
12,12,649,565,6,7,False,./input/Helsinborg_23_aug_22_2/Helsinborg_23_aug_22_2_04_11.jpg,0,13.82931668593933,False,Helsinborg
13,13,40,421,34,16,False,./input/Helsinborg_23_aug_22_2/Helsinborg_23_aug_22_2_05_03.jpg,1,56.36488268416781,False,Helsinborg
14,14,62,792,11,15,False,./input/Helsinborg_23_aug_22_2/Helsinborg_23_aug_22_2_05_08.jpg,0,27.90161285660741,False,Helsinborg
15,15,270,266,21,9,False,./input/Helsinborg_23_aug_22_2/Helsinborg_23_aug_22_2_05_11.jpg,0,34.27097897638759,False,Helsinborg
16,16,536,203,32,11,False,./input/Helsinborg_23_aug_22_2/Helsinborg_23_aug_22_2_05_13.jpg,0,50.7567729470659,False,Helsinborg
17,17,180,987,18,9,False,./input/Helsinborg_23_aug_22_2/Helsinborg_23_aug_22_2_06_04.jpg,0,30.186917696247164,False,Helsinborg
18,18,349,146,9,8,False,./input/Helsinborg_23_aug_22_2/Helsinborg_23_aug_22_2_06_04.jpg,0,18.06239186818844,False,Helsinborg
19,19,581,541,30,21,False,./input/Helsinborg_23_aug_22_2/Helsinborg_23_aug_22_2_06_05.jpg,0,54.92950027080167,False,Helsinborg
20,20,582,963,9,10,False,./input/Helsinborg_23_aug_22_2/Helsinborg_23_aug_22_2_06_06.jpg,0,20.180436070610565,False,Helsinborg
21,21,508,181,18,16,False,./input/Helsinborg_23_aug_22_2/Helsinborg_23_aug_22_2_06_08.jpg,0,36.12478373637688,False,Helsinborg
22,22,902,810,82,39,True,./input/Helsinborg_23_aug_22_2/Helsinborg_23_aug_22_2_06_09.jpg,1,136.20297353582262,True,Helsinborg
23,23,882,167,13,13,False,./input/Helsinborg_23_aug_22_2/Helsinborg_23_aug_22_2_06_12.jpg,0,27.577164466275352,False,Helsinborg
24,24,754,33,14,11,False,./input/Helsinborg_23_aug_22_2/Helsinborg_23_aug_22_2_06_12.jpg,0,26.706740722147288,False,Helsinborg
25,25,998,326,16,15,False,./input/Helsinborg_23_aug_22_2/Helsinborg_23_aug_22_2_06_14.jpg,0,32.89756829919196,False,Helsinborg
26,26,103,735,10,10,False,./input/Helsinborg_23_aug_22_2/Helsinborg_23_aug_22_2_06_14.jpg,0,21.213203435596427,False,Helsinborg
27,27,980,851,12,9,False,./input/Helsinborg_23_aug_22_2/Helsinborg_23_aug_22_2_07_05.jpg,0,22.5,False,Helsinborg
28,28,938,159,28,13,True,./input/Helsinborg_23_aug_22_2/Helsinborg_23_aug_22_2_07_07.jpg,1,46.30604712129939,True,Helsinborg
29,29,521,349,14,12,False,./input/Helsinborg_23_aug_22_2/Helsinborg_23_aug_22_2_07_08.jpg,0,27.65863337187866,False,Helsinborg
30,30,728,912,11,6,False,./input/Helsinborg_23_aug_22_2/Helsinborg_23_aug_22_2_07_08.jpg,0,18.7949461292125,False,Helsinborg
31,31,174,396,70,38,True,./input/Helsinborg_23_aug_22_2/Helsinborg_23_aug_22_2_07_11.jpg,1,119.47384651043927,True,Helsinborg
32,32,1003,987,9,9,False,./input/Helsinborg_23_aug_22_2/Helsinborg_23_aug_22_2_07_11.jpg,1,19.09188309203678,False,Helsinborg
33,33,752,46,57,36,True,./input/Helsinborg_23_aug_22_2/Helsinborg_23_aug_22_2_07_12.jpg,1,101.12492274409904,True,Helsinborg
34,34,900,624,20,10,False,./input/Helsinborg_23_aug_22_2/Helsinborg_23_aug_22_2_07_12.jpg,1,33.54101966249685,False,Helsinborg
35,35,290,915,14,10,False,./input/Helsinborg_23_aug_22_2/Helsinborg_23_aug_22_2_07_12.jpg,1,25.80697580112788,False,Helsinborg
36,36,343,414,11,8,False,./input/Helsinborg_23_aug_22_2/Helsinborg_23_aug_22_2_07_14.jpg,0,20.402205763103165,False,Helsinborg
37,37,590,31,15,10,False,./input/Helsinborg_23_aug_22_2/Helsinborg_23_aug_22_2_08_09.jpg,0,27.04163456597992,False,Helsinborg
38,38,165,748,42,30,False,./input/Helsinborg_23_aug_22_2/Helsinborg_23_aug_22_2_08_09.jpg,0,77.42092740338364,False,Helsinborg
39,39,1,906,54,33,False,./input/Helsinborg_23_aug_22_2/Helsinborg_23_aug_22_2_08_09.jpg,0,94.92760399378044,False,Helsinborg
40,40,1002,465,11,9,False,./input/Helsinborg_23_aug_22_2/Helsinborg_23_aug_22_2_08_10.jpg,0,21.31900560532784,False,Helsinborg
41,41,894,374,13,10,False,./input/Helsinborg_23_aug_22_2/Helsinborg_23_aug_22_2_08_11.jpg,0,24.60182920028509,False,Helsinborg
43,43,406,649,10,12,False,./input/Helsinborg_23_aug_22_2/Helsinborg_23_aug_22_2_08_12.jpg,0,23.43074902771996,False,Helsinborg
44,44,434,291,13,11,False,./input/Helsinborg_23_aug_22_2/Helsinborg_23_aug_22_2_08_12.jpg,0,25.54407954888961,False,Helsinborg
45,45,167,952,16,11,False,./input/Helsinborg_23_aug_22_2/Helsinborg_23_aug_22_2_08_13.jpg,0,29.1247317584214,False,Helsinborg
46,46,1001,192,13,7,False,./input/Helsinborg_23_aug_22_2/Helsinborg_23_aug_22_2_09_13.jpg,0,22.147234590350106,False,Helsinborg
0,0,591,382,419,304,False,./input/march_1024/march_1_1.jpg,3,155.29948486714306,False,march
1,1,254,659,327,335,True,./input/march_1024/march_1_1.jpg,3,140.44166048576895,True,march
2,2,559,951,12,13,False,./input/march_1024/march_1_2.jpg,0,5.307541803886239,False,march
3,3,438,672,59,23,False,./input/march_1024/march_1_2.jpg,0,18.997368238785075,False,march
4,4,96,476,102,35,False,./input/march_1024/march_1_3.jpg,0,32.35135236740498,False,march
5,5,845,783,165,66,False,./input/march_1024/march_1_4.jpg,0,53.31313159063159,False,march
6,6,167,938,57,36,False,./input/march_1024/march_1_4.jpg,0,20.22498454881981,False,march
7,7,568,814,110,57,False,./input/march_1024/march_1_4.jpg,0,37.16732435890429,False,march
8,8,438,499,148,52,False,./input/march_1024/march_1_4.jpg,0,47.06081172270618,False,march
9,9,792,947,96,33,False,./input/march_1024/march_1_5.jpg,0,30.45406376823953,False,march
10,10,951,929,54,57,False,./input/march_1024/march_1_6.jpg,0,23.55525419094432,False,march
11,11,5,512,274,43,False,./input/march_1024/march_1_6.jpg,0,83.20606949015198,False,march
12,12,796,571,40,50,False,./input/march_1024/march_1_6.jpg,0,19.209372712298546,False,march
13,13,524,776,51,23,False,./input/march_1024/march_1_7.jpg,0,16.783920876839236,False,march
14,14,0,778,9,15,False,./input/march_1024/march_1_8.jpg,0,5.24785670536077,False,march
15,15,324,494,133,195,True,./input/march_1024/march_2_1.jpg,11,70.8114397537573,True,march
16,16,591,116,86,126,True,./input/march_1024/march_2_1.jpg,11,45.76548918125972,True,march
17,17,112,846,171,178,True,./input/march_1024/march_2_1.jpg,11,74.0489702831849,True,march
18,18,540,0,112,47,True,./input/march_1024/march_2_1.jpg,11,36.43857845745358,True,march
19,19,941,676,82,146,False,./input/march_1024/march_2_1.jpg,11,50.235445653442746,False,march
20,20,0,465,170,253,True,./input/march_1024/march_2_2.jpg,2,91.4429330238264,True,march
21,21,930,667,78,123,False,./input/march_1024/march_2_2.jpg,2,43.69404993817808,False,march
22,22,171,469,128,68,False,./input/march_1024/march_2_3.jpg,3,43.48241023678425,False,march
23,23,21,590,87,97,False,./input/march_1024/march_2_3.jpg,3,39.08989639280206,False,march
24,24,889,295,67,36,False,./input/march_1024/march_2_3.jpg,3,22.8177562437677,False,march
25,25,546,794,391,230,True,./input/march_1024/march_2_4.jpg,3,136.08927217088052,True,march
26,26,665,27,359,357,False,./input/march_1024/march_2_4.jpg,3,151.88712914529657,False,march
27,27,36,302,48,24,False,./input/march_1024/march_2_4.jpg,3,16.099689437998485,False,march
28,28,301,461,64,19,False,./input/march_1024/march_2_5.jpg,8,20.028230076569415,False,march
29,29,895,245,82,53,False,./input/march_1024/march_2_6.jpg,6,29.29112493572072,False,march
30,30,342,322,134,46,False,./input/march_1024/march_2_6.jpg,6,42.50270579621961,False,march
31,31,70,445,202,241,True,./input/march_1024/march_2_7.jpg,3,94.33795630603834,True,march
32,32,863,672,20,24,True,./input/march_1024/march_2_7.jpg,3,9.372299611087984,True,march
33,33,73,672,24,17,False,./input/march_1024/march_2_8.jpg,2,8.823264701911645,False,march
34,34,591,2,285,382,True,./input/march_1024/march_3_1.jpg,4,142.9804532095209,True,march
35,35,125,83,129,89,True,./input/march_1024/march_3_1.jpg,4,47.01680550611664,True,march
36,36,607,371,154,103,True,./input/march_1024/march_3_2.jpg,2,55.58102194094672,True,march
37,37,962,952,62,26,False,./input/march_1024/march_3_2.jpg,2,20.16928357676593,False,march
38,38,84,698,65,34,True,./input/march_1024/march_3_3.jpg,1,22.006589922111967,True,march
39,39,629,478,66,62,False,./input/march_1024/march_3_3.jpg,1,27.16615541441225,False,march
40,40,520,397,63,63,False,./input/march_1024/march_3_3.jpg,1,26.728636328851493,False,march
41,41,906,640,92,88,False,./input/march_1024/march_3_3.jpg,1,38.19319311081492,False,march
42,42,515,76,88,115,False,./input/march_1024/march_3_3.jpg,1,43.44203033929238,False,march
43,43,76,952,20,39,False,./input/march_1024/march_3_3.jpg,1,13.148764200486676,False,march
44,44,744,565,70,51,False,./input/march_1024/march_3_3.jpg,1,25.98249410660955,False,march
45,45,916,324,99,62,False,./input/march_1024/march_3_3.jpg,1,35.04354434129059,False,march
46,46,846,1000,25,15,False,./input/march_1024/march_3_4.jpg,0,8.74642784226795,False,march
47,47,300,98,28,23,False,./input/march_1024/march_3_4.jpg,0,10.870602559196062,False,march
48,48,247,886,111,93,False,./input/march_1024/march_3_4.jpg,0,43.44306619012981,False,march
49,49,8,801,151,220,False,./input/march_1024/march_3_6.jpg,0,80.05054653155092,False,march
50,50,674,131,114,59,True,./input/march_1024/march_3_7.jpg,1,38.50883015621223,True,march
51,51,524,31,18,15,False,./input/march_1024/march_3_7.jpg,1,7.029224708315988,False,march
52,52,204,0,14,6,False,./input/march_1024/march_4_1.jpg,0,4.569463863518345,False,march
53,53,621,371,82,39,True,./input/march_1024/march_4_2.jpg,6,27.24059470716452,True,march
54,54,737,168,115,21,True,./input/march_1024/march_4_2.jpg,6,35.07050042414565,True,march
55,55,819,393,69,20,True,./input/march_1024/march_4_2.jpg,6,21.55203006679417,True,march
56,56,279,282,57,37,True,./input/march_1024/march_4_3.jpg,4,20.38676040963841,True,march
57,57,399,24,108,29,True,./input/march_1024/march_4_3.jpg,4,33.54772719574308,True,march
58,58,817,309,61,24,False,./input/march_1024/march_4_3.jpg,4,19.66545193988686,False,march
59,59,856,173,63,82,False,./input/march_1024/march_4_4.jpg,1,31.02208890452092,False,march
60,60,703,25,117,149,False,./input/march_1024/march_4_4.jpg,1,56.83396871590088,False,march
61,61,728,32,262,329,True,./input/march_1024/march_4_5.jpg,2,126.17309538883478,True,march
62,62,0,0,56,73,False,./input/march_1024/march_4_8.jpg,0,27.601630386627527,False,march
0,0,159,955,18,16,False,./input/october_1024/maps3_01_09.jpg,0,36.12478373637688,True,october
1,1,623,666,34,37,False,./input/october_1024/maps3_01_09.jpg,0,75.37406715840667,True,october
2,2,409,0,100,73,False,./input/october_1024/maps3_02_01.jpg,0,185.7155082377344,True,october
3,3,544,26,277,179,False,./input/october_1024/maps3_02_01.jpg,0,494.7044572267365,True,october
4,4,352,784,194,240,False,./input/october_1024/maps3_02_01.jpg,0,462.9049578477207,True,october
6,6,203,31,32,25,False,./input/october_1024/maps3_02_01.jpg,0,60.91182151274086,True,october
7,7,599,620,14,26,False,./input/october_1024/maps3_02_02.jpg,0,44.29446918070021,True,october
8,8,653,167,132,83,False,./input/october_1024/maps3_02_02.jpg,0,233.8893969379544,True,october
9,9,915,568,104,176,False,./input/october_1024/maps3_02_07.jpg,0,306.6463761403353,True,october
10,10,788,443,86,60,False,./input/october_1024/maps3_02_07.jpg,0,157.29272074701996,True,october
11,11,669,565,17,19,False,./input/october_1024/maps3_02_07.jpg,0,38.242646351945886,True,october
12,12,823,552,29,30,False,./input/october_1024/maps3_02_07.jpg,0,62.5879381350752,True,october
13,13,664,464,16,16,False,./input/october_1024/maps3_02_07.jpg,0,33.941125496954285,True,october
14,14,91,97,125,56,False,./input/october_1024/maps3_02_07.jpg,0,205.45619971176345,True,october
15,15,911,835,95,91,False,./input/october_1024/maps3_02_08.jpg,0,197.3284064700265,True,october
16,16,53,673,177,246,False,./input/october_1024/maps3_02_08.jpg,0,454.589100177292,True,october
17,17,896,661,11,22,False,./input/october_1024/maps3_02_08.jpg,0,36.89512162874653,True,october
19,19,929,294,10,19,False,./input/october_1024/maps3_02_08.jpg,0,32.20636583037583,True,october
20,20,925,242,12,16,False,./input/october_1024/maps3_02_08.jpg,0,30.0,True,october
21,21,498,957,111,56,False,./input/october_1024/maps3_02_09.jpg,0,186.4892758310783,True,october
22,22,725,717,141,36,False,./input/october_1024/maps3_02_09.jpg,0,218.28479104142824,True,october
23,23,502,276,102,21,False,./input/october_1024/maps3_02_09.jpg,0,156.20899461938805,True,october
24,24,372,698,42,22,False,./input/october_1024/maps3_02_09.jpg,0,71.11961754677819,True,october
25,25,921,47,103,22,False,./input/october_1024/maps3_02_09.jpg,0,157.98496763932954,True,october
26,26,104,518,78,19,False,./input/october_1024/maps3_02_09.jpg,0,120.4211360185578,True,october
27,27,832,343,29,13,False,./input/october_1024/maps3_02_09.jpg,0,47.67074574621211,True,october
28,28,22,99,21,17,False,./input/october_1024/maps3_02_09.jpg,0,40.527768258318886,True,october
29,29,41,367,12,12,False,./input/october_1024/maps3_02_09.jpg,0,25.45584412271571,True,october
30,30,239,201,19,13,False,./input/october_1024/maps3_02_09.jpg,0,34.532593299664015,True,october
31,31,513,610,155,104,False,./input/october_1024/maps3_03_01.jpg,0,279.9861603722584,True,october
32,32,290,16,73,83,False,./input/october_1024/maps3_03_01.jpg,0,165.80259346584418,True,october
33,33,942,959,17,13,False,./input/october_1024/maps3_03_01.jpg,0,32.101401838549044,True,october
35,35,303,495,106,59,False,./input/october_1024/maps3_03_01.jpg,0,181.97046463643488,True,october
36,36,250,563,15,12,False,./input/october_1024/maps3_03_01.jpg,0,28.81405906844782,True,october
37,37,161,381,143,93,False,./input/october_1024/maps3_03_01.jpg,0,255.87203833166296,True,october
38,38,716,718,65,33,False,./input/october_1024/maps3_03_01.jpg,0,109.34578181164558,True,october
39,39,0,209,87,143,False,./input/october_1024/maps3_03_02.jpg,0,251.07867292942265,True,october
40,40,504,830,33,15,False,./input/october_1024/maps3_03_02.jpg,0,54.37370688117558,True,october
41,41,502,774,12,9,False,./input/october_1024/maps3_03_02.jpg,0,22.5,True,october
42,42,991,821,33,203,False,./input/october_1024/maps3_03_02.jpg,0,308.49716368226143,True,october
43,43,365,782,96,130,False,./input/october_1024/maps3_03_03.jpg,0,242.40668307618915,True,october
44,44,922,382,102,149,False,./input/october_1024/maps3_03_03.jpg,0,270.8528198117937,True,october
45,45,867,0,156,73,False,./input/october_1024/maps3_03_03.jpg,0,258.3529562439725,True,october
46,46,468,0,38,22,False,./input/october_1024/maps3_03_03.jpg,0,65.86349520030045,True,october
47,47,604,35,11,11,False,./input/october_1024/maps3_03_03.jpg,0,23.33452377915607,True,october
48,48,549,129,19,15,False,./input/october_1024/maps3_03_03.jpg,0,36.31115531073061,True,october
49,49,944,765,71,66,False,./input/october_1024/maps3_03_03.jpg,0,145.40718689253293,True,october
50,50,247,315,221,139,False,./input/october_1024/maps3_03_04.jpg,0,391.61779836978815,True,october
51,51,167,953,88,55,False,./input/october_1024/maps3_03_04.jpg,0,155.66068867893398,True,october
52,52,833,421,37,25,False,./input/october_1024/maps3_03_04.jpg,0,66.98134068529832,True,october
53,53,652,358,30,50,False,./input/october_1024/maps3_03_04.jpg,0,87.46427842267951,True,october
54,54,751,88,38,8,False,./input/october_1024/maps3_03_04.jpg,0,58.2494635168428,True,october
55,55,962,282,22,70,False,./input/october_1024/maps3_03_04.jpg,0,110.06361796706484,True,october
56,56,443,130,34,10,False,./input/october_1024/maps3_03_04.jpg,0,53.16013544000805,True,october
57,57,789,454,19,21,False,./input/october_1024/maps3_03_04.jpg,0,42.47940677551889,True,october
58,58,443,791,69,74,False,./input/october_1024/maps3_03_04.jpg,0,151.76709129452274,True,october
59,59,503,308,28,30,False,./input/october_1024/maps3_03_04.jpg,0,61.554853586049575,True,october
60,60,652,0,88,79,False,./input/october_1024/maps3_03_06.jpg,0,177.38728815786095,True,october
61,61,456,630,11,11,False,./input/october_1024/maps3_03_06.jpg,0,23.33452377915607,True,october
63,63,0,518,112,128,False,./input/october_1024/maps3_03_06.jpg,0,255.1234995056316,True,october
64,64,749,7,195,175,False,./input/october_1024/maps3_03_06.jpg,0,393.01717519721706,True,october
66,66,136,505,46,14,False,./input/october_1024/maps3_03_07.jpg,0,72.12489168102785,True,october
67,67,210,915,11,15,False,./input/october_1024/maps3_03_07.jpg,0,27.90161285660741,True,october
68,68,449,749,18,52,False,./input/october_1024/maps3_03_08.jpg,0,82.54089895318563,True,october
69,69,331,476,98,73,False,./input/october_1024/maps3_03_08.jpg,0,183.30098199409628,True,october
70,70,702,359,20,20,False,./input/october_1024/maps3_03_08.jpg,0,42.42640687119285,True,october
71,71,780,98,12,24,False,./input/october_1024/maps3_03_08.jpg,0,40.24922359499622,True,october
72,72,955,857,14,14,False,./input/october_1024/maps3_03_08.jpg,0,29.698484809834994,True,october
73,73,778,441,151,132,False,./input/october_1024/maps3_03_08.jpg,0,300.8425668019737,True,october
74,74,460,231,95,106,False,./input/october_1024/maps3_03_09.jpg,0,213.5117092807793,True,october
75,75,232,550,84,104,False,./input/october_1024/maps3_03_09.jpg,0,200.52929960482084,True,october
76,76,36,111,85,91,False,./input/october_1024/maps3_03_09.jpg,0,186.78463534241783,True,october
77,77,891,268,73,55,False,./input/october_1024/maps3_03_09.jpg,0,137.10032822717824,True,october
78,78,51,922,27,27,False,./input/october_1024/maps3_03_09.jpg,0,57.27564927611036,True,october
79,79,1011,865,12,10,False,./input/october_1024/maps3_03_09.jpg,0,23.43074902771996,True,october
80,80,470,1004,38,20,False,./input/october_1024/maps3_03_09.jpg,0,64.41273166075166,True,october
81,81,793,788,203,108,False,./input/october_1024/maps3_03_09.jpg,0,344.91194528459,True,october
82,82,849,873,66,94,False,./input/october_1024/maps3_04_01.jpg,0,172.28464818433477,True,october
83,83,792,733,11,15,False,./input/october_1024/maps3_04_01.jpg,0,27.90161285660741,True,october
84,84,913,269,75,108,False,./input/october_1024/maps3_04_02.jpg,0,197.2314630073001,True,october
85,85,605,228,41,83,False,./input/october_1024/maps3_04_02.jpg,0,138.8614417323974,True,october
86,86,307,614,42,86,False,./input/october_1024/maps3_04_02.jpg,0,143.56183336806478,True,october
87,87,808,931,72,88,False,./input/october_1024/maps3_04_02.jpg,0,170.5520448426227,True,october
88,88,756,575,23,93,False,./input/october_1024/maps3_04_02.jpg,0,143.70281834396985,True,october
89,89,401,434,48,65,False,./input/october_1024/maps3_04_02.jpg,0,121.20334153809456,True,october
90,90,929,765,33,84,False,./input/october_1024/maps3_04_02.jpg,0,135.37448060842192,True,october
91,91,45,645,32,98,False,./input/october_1024/maps3_04_02.jpg,0,154.63828762631846,True,october
92,92,512,770,45,92,False,./input/october_1024/maps3_04_02.jpg,0,153.62372863591094,True,october
93,93,305,997,18,24,False,./input/october_1024/maps3_04_02.jpg,0,45.0,True,october
94,94,728,879,89,131,False,./input/october_1024/maps3_04_03.jpg,0,237.5594662395081,True,october
95,95,452,406,98,127,False,./input/october_1024/maps3_04_03.jpg,0,240.622629858457,True,october
96,96,135,401,23,92,False,./input/october_1024/maps3_04_03.jpg,0,142.2471440838093,True,october
97,97,153,853,37,87,False,./input/october_1024/maps3_04_03.jpg,0,141.81149459758188,True,october
98,98,621,29,33,26,False,./input/october_1024/maps3_04_03.jpg,0,63.017854612800015,True,october
99,99,15,656,24,64,False,./input/october_1024/maps3_04_03.jpg,0,102.52804494381036,True,october
100,100,359,926,24,98,False,./input/october_1024/maps3_04_03.jpg,0,151.34397906755328,True,october
101,101,861,224,62,34,False,./input/october_1024/maps3_04_03.jpg,0,106.06601717798212,True,october
102,102,1014,729,10,9,False,./input/october_1024/maps3_04_03.jpg,0,20.180436070610565,True,october
103,103,214,174,131,95,False,./input/october_1024/maps3_04_04.jpg,0,242.731332958891,True,october
104,104,156,397,61,21,False,./input/october_1024/maps3_04_04.jpg,0,96.77034669773587,True,october
105,105,491,863,49,30,False,./input/october_1024/maps3_04_04.jpg,0,86.18149453333935,True,october
106,106,774,299,130,106,False,./input/october_1024/maps3_04_04.jpg,0,251.60683615514108,True,october
107,107,207,691,52,17,False,./input/october_1024/maps3_04_04.jpg,0,82.06247619953959,True,october
108,108,0,904,18,14,False,./input/october_1024/maps3_04_04.jpg,0,34.205262752974136,True,october
109,109,0,729,10,12,False,./input/october_1024/maps3_04_04.jpg,0,23.43074902771996,True,october
110,110,970,449,49,80,False,./input/october_1024/maps3_04_04.jpg,0,140.72046759444768,True,october
111,111,341,27,22,15,False,./input/october_1024/maps3_04_04.jpg,0,39.94058086708304,True,october
112,112,367,102,11,10,False,./input/october_1024/maps3_04_04.jpg,0,22.29910312097776,True,october
113,113,789,582,24,24,False,./input/october_1024/maps3_04_07.jpg,0,50.91168824543142,True,october
114,114,302,401,12,11,False,./input/october_1024/maps3_04_07.jpg,0,24.41823089414956,True,october
115,115,995,339,25,14,False,./input/october_1024/maps3_04_08.jpg,0,42.97964634568321,True,october
116,116,897,873,122,78,False,./input/october_1024/maps3_04_09.jpg,0,217.20497231877545,True,october
117,117,1,284,120,76,False,./input/october_1024/maps3_04_09.jpg,0,213.06337085477645,True,october
118,118,467,334,138,76,False,./input/october_1024/maps3_04_09.jpg,0,236.3154671196957,True,october
119,119,162,576,104,62,False,./input/october_1024/maps3_04_09.jpg,0,181.61773041198373,True,october
120,120,380,0,122,74,False,./input/october_1024/maps3_04_09.jpg,0,214.0327077808436,True,october
121,121,0,916,43,100,False,./input/october_1024/maps3_05_01.jpg,0,163.27966805453764,True,october
122,122,393,686,93,137,False,./input/october_1024/maps3_05_02.jpg,0,248.37572345138727,True,october
123,123,898,581,108,125,False,./input/october_1024/maps3_05_02.jpg,0,247.790738325709,True,october
124,124,629,490,41,99,False,./input/october_1024/maps3_05_02.jpg,0,160.73114197317207,True,october
125,125,802,197,32,79,False,./input/october_1024/maps3_05_02.jpg,0,127.8524540241602,True,october
126,126,576,340,28,65,False,./input/october_1024/maps3_05_02.jpg,0,106.16143367532298,True,october
127,127,481,134,23,92,False,./input/october_1024/maps3_05_02.jpg,0,142.2471440838093,True,october
128,128,311,3,18,48,False,./input/october_1024/maps3_05_02.jpg,0,76.89603370785778,True,october
129,129,514,239,34,52,False,./input/october_1024/maps3_05_02.jpg,0,93.1933474020544,True,october
130,130,1013,272,11,17,False,./input/october_1024/maps3_05_02.jpg,0,30.37268509697488,True,october
131,131,740,380,133,88,False,./input/october_1024/maps3_05_03.jpg,0,239.2159066617436,True,october
132,132,523,177,53,118,False,./input/october_1024/maps3_05_03.jpg,0,194.0341464794277,True,october
133,133,389,589,115,127,False,./input/october_1024/maps3_05_03.jpg,0,256.9951361407449,True,october
134,134,798,782,82,133,False,./input/october_1024/maps3_05_03.jpg,0,234.3698999445108,True,october
135,135,254,140,27,99,False,./input/october_1024/maps3_05_03.jpg,0,153.92368238838364,True,october
136,136,0,281,19,44,False,./input/october_1024/maps3_05_03.jpg,0,71.89054179793055,True,october
137,137,368,0,13,11,False,./input/october_1024/maps3_05_03.jpg,0,25.54407954888961,True,october
138,138,925,106,44,30,False,./input/october_1024/maps3_05_03.jpg,0,79.88116173416608,True,october
139,139,0,594,105,125,False,./input/october_1024/maps3_05_04.jpg,0,244.87241575971763,True,october
140,140,775,196,98,20,False,./input/october_1024/maps3_05_04.jpg,0,150.02999700059985,True,october
141,141,275,49,63,44,False,./input/october_1024/maps3_05_04.jpg,0,115.26599672062876,True,october
142,142,899,874,65,38,False,./input/october_1024/maps3_05_04.jpg,0,112.9391429044864,True,october
143,143,547,854,31,56,False,./input/october_1024/maps3_05_04.jpg,0,96.01171803483156,True,october
144,144,379,670,45,62,False,./input/october_1024/maps3_05_04.jpg,0,114.91409835176884,True,october
145,145,136,318,86,25,False,./input/october_1024/maps3_05_04.jpg,0,134.3400535953444,True,october
146,146,874,647,64,32,False,./input/october_1024/maps3_05_04.jpg,0,107.33126291998992,True,october
147,147,371,469,53,26,False,./input/october_1024/maps3_05_04.jpg,0,88.55083285887265,True,october
148,148,318,885,19,61,False,./input/october_1024/maps3_05_04.jpg,0,95.83579706977972,True,october
149,149,612,185,35,31,False,./input/october_1024/maps3_05_05.jpg,0,70.13201836536575,True,october
150,150,274,429,28,11,False,./input/october_1024/maps3_05_05.jpg,0,45.12482686947397,True,october
151,151,439,308,28,16,False,./input/october_1024/maps3_05_05.jpg,0,48.373546489791295,True,october
152,152,23,26,25,18,False,./input/october_1024/maps3_05_05.jpg,0,46.20876540224809,True,october
153,153,512,25,11,8,False,./input/october_1024/maps3_05_05.jpg,0,20.402205763103165,True,october
154,154,34,551,36,25,False,./input/october_1024/maps3_05_06.jpg,0,65.74382100243338,True,october
155,155,847,651,177,123,False,./input/october_1024/maps3_05_06.jpg,0,323.311769040349,True,october
156,156,56,109,37,11,False,./input/october_1024/maps3_05_06.jpg,0,57.900777196856346,True,october
157,157,942,926,53,38,False,./input/october_1024/maps3_05_06.jpg,0,97.82254341408222,True,october
158,158,0,224,16,20,False,./input/october_1024/maps3_05_07.jpg,0,38.41874542459709,True,october
159,159,632,989,9,5,False,./input/october_1024/maps3_05_07.jpg,0,15.4434452114805,True,october
160,160,268,1001,21,11,False,./input/october_1024/maps3_05_08.jpg,0,35.55980877338909,True,october
161,161,661,233,19,81,False,./input/october_1024/maps3_05_08.jpg,0,124.79783651970894,True,october
162,162,726,480,34,25,False,./input/october_1024/maps3_05_09.jpg,0,63.30284353802757,True,october
163,163,740,195,10,11,False,./input/october_1024/maps3_05_09.jpg,0,22.29910312097776,True,october
165,165,194,479,14,7,False,./input/october_1024/maps3_06_01.jpg,0,23.47871376374779,True,october
166,166,564,278,17,27,False,./input/october_1024/maps3_06_01.jpg,0,47.85916840063145,True,october
167,167,314,835,13,15,False,./input/october_1024/maps3_06_01.jpg,0,29.77414986191881,True,october
168,168,865,0,62,109,False,./input/october_1024/maps3_06_02.jpg,0,188.0990430597668,True,october
169,169,646,727,185,66,False,./input/october_1024/maps3_06_03.jpg,0,294.630701047939,True,october
170,170,586,121,53,146,False,./input/october_1024/maps3_06_03.jpg,0,232.983368505136,True,october
171,171,896,203,128,87,False,./input/october_1024/maps3_06_03.jpg,0,232.15135149294304,True,october
172,172,184,270,93,134,False,./input/october_1024/maps3_06_03.jpg,0,244.66558809934835,True,october
173,173,186,764,169,108,False,./input/october_1024/maps3_06_03.jpg,0,300.8425668019737,True,october
174,174,325,959,14,11,False,./input/october_1024/maps3_06_03.jpg,0,26.706740722147288,True,october
175,175,645,698,131,99,False,./input/october_1024/maps3_06_04.jpg,0,246.3016443306865,True,october
176,176,168,439,94,123,False,./input/october_1024/maps3_06_04.jpg,0,232.20949592986068,True,october
177,177,342,122,92,106,False,./input/october_1024/maps3_06_04.jpg,0,210.535032714273,True,october
178,178,464,396,34,50,False,./input/october_1024/maps3_06_04.jpg,0,90.69729874698584,True,october
179,179,694,10,23,65,False,./input/october_1024/maps3_06_04.jpg,0,103.4238850556292,True,october
180,180,87,708,34,218,False,./input/october_1024/maps3_06_05.jpg,0,330.9531688925187,True,october
181,181,163,119,22,22,False,./input/october_1024/maps3_06_05.jpg,0,46.66904755831214,True,october
182,182,978,294,26,30,False,./input/october_1024/maps3_06_06.jpg,0,59.54829972383762,True,october
183,183,951,70,70,84,False,./input/october_1024/maps3_06_06.jpg,0,164.01524319403973,True,october
184,184,642,513,17,23,False,./input/october_1024/maps3_06_06.jpg,0,42.90104893822527,True,october
185,185,569,601,253,98,False,./input/october_1024/maps3_06_09.jpg,0,406.97573637748974,True,october
0,0,534,690,13,9,False,./input/Rotterdam_31_aug_22_2/Rotterdam_31_aug_22_2_01_02.jpg,1,23.717082451262844,False,Rotterdam
1,1,29,549,12,11,False,./input/Rotterdam_31_aug_22_2/Rotterdam_31_aug_22_2_01_06.jpg,1,24.41823089414956,False,Rotterdam
2,2,341,605,43,23,False,./input/Rotterdam_31_aug_22_2/Rotterdam_31_aug_22_2_01_08.jpg,0,73.14711204141966,False,Rotterdam
3,3,356,728,36,41,False,./input/Rotterdam_31_aug_22_2/Rotterdam_31_aug_22_2_01_09.jpg,2,81.84283719422244,False,Rotterdam
4,4,678,923,19,10,True,./input/Rotterdam_31_aug_22_2/Rotterdam_31_aug_22_2_01_09.jpg,2,32.20636583037583,True,Rotterdam
5,5,233,138,226,35,True,./input/Rotterdam_31_aug_22_2/Rotterdam_31_aug_22_2_01_10.jpg,3,343.0411782862227,True,Rotterdam
6,6,406,508,48,27,False,./input/Rotterdam_31_aug_22_2/Rotterdam_31_aug_22_2_01_11.jpg,0,82.60901887808618,False,Rotterdam
7,7,264,631,96,23,False,./input/Rotterdam_31_aug_22_2/Rotterdam_31_aug_22_2_01_11.jpg,0,148.0751498395325,False,Rotterdam
8,8,37,284,44,15,True,./input/Rotterdam_31_aug_22_2/Rotterdam_31_aug_22_2_01_12.jpg,5,69.72983579501675,True,Rotterdam
9,9,270,466,73,41,False,./input/Rotterdam_31_aug_22_2/Rotterdam_31_aug_22_2_01_12.jpg,5,125.58861413360688,False,Rotterdam
10,10,714,744,16,11,False,./input/Rotterdam_31_aug_22_2/Rotterdam_31_aug_22_2_01_12.jpg,5,29.1247317584214,False,Rotterdam
11,11,896,917,12,11,False,./input/Rotterdam_31_aug_22_2/Rotterdam_31_aug_22_2_01_12.jpg,5,24.41823089414956,False,Rotterdam
12,12,365,630,15,9,True,./input/Rotterdam_31_aug_22_2/Rotterdam_31_aug_22_2_01_12.jpg,5,26.23928352680385,True,Rotterdam
13,13,459,703,16,7,True,./input/Rotterdam_31_aug_22_2/Rotterdam_31_aug_22_2_01_12.jpg,5,26.19637379485947,True,Rotterdam
14,14,322,720,50,36,False,./input/Rotterdam_31_aug_22_2/Rotterdam_31_aug_22_2_01_13.jpg,0,92.41753080449618,False,Rotterdam
15,15,768,6,9,8,False,./input/Rotterdam_31_aug_22_2/Rotterdam_31_aug_22_2_02_01.jpg,0,18.06239186818844,False,Rotterdam
16,16,662,141,12,15,False,./input/Rotterdam_31_aug_22_2/Rotterdam_31_aug_22_2_02_06.jpg,0,28.81405906844782,False,Rotterdam
17,17,447,805,70,202,False,./input/Rotterdam_31_aug_22_2/Rotterdam_31_aug_22_2_02_07.jpg,0,320.67740799750766,False,Rotterdam
18,18,171,711,110,93,False,./input/Rotterdam_31_aug_22_2/Rotterdam_31_aug_22_2_02_08.jpg,3,216.0676977245789,False,Rotterdam
20,20,813,127,211,56,True,./input/Rotterdam_31_aug_22_2/Rotterdam_31_aug_22_2_02_08.jpg,3,327.4572491181101,True,Rotterdam
21,21,932,11,92,17,True,./input/Rotterdam_31_aug_22_2/Rotterdam_31_aug_22_2_02_08.jpg,3,140.3362034544187,True,Rotterdam
22,22,618,626,197,52,False,./input/Rotterdam_31_aug_22_2/Rotterdam_31_aug_22_2_02_09.jpg,21,305.6210889320303,False,Rotterdam
23,23,278,71,18,36,False,./input/Rotterdam_31_aug_22_2/Rotterdam_31_aug_22_2_02_09.jpg,21,60.37383539249433,False,Rotterdam
24,24,430,524,12,18,False,./input/Rotterdam_31_aug_22_2/Rotterdam_31_aug_22_2_02_09.jpg,21,32.449961479175904,False,Rotterdam
26,26,753,771,39,20,False,./input/Rotterdam_31_aug_22_2/Rotterdam_31_aug_22_2_02_09.jpg,21,65.74382100243338,False,Rotterdam
27,27,463,331,16,10,False,./input/Rotterdam_31_aug_22_2/Rotterdam_31_aug_22_2_02_09.jpg,21,28.30194339616981,False,Rotterdam
28,28,0,130,12,11,False,./input/Rotterdam_31_aug_22_2/Rotterdam_31_aug_22_2_02_09.jpg,21,24.41823089414956,False,Rotterdam
29,29,783,4,238,38,True,./input/Rotterdam_31_aug_22_2/Rotterdam_31_aug_22_2_02_10.jpg,12,361.5217835760384,True,Rotterdam
30,30,589,192,131,44,True,./input/Rotterdam_31_aug_22_2/Rotterdam_31_aug_22_2_02_10.jpg,12,207.28784334832568,True,Rotterdam
31,31,870,263,81,25,False,./input/Rotterdam_31_aug_22_2/Rotterdam_31_aug_22_2_02_10.jpg,12,127.15541671513644,False,Rotterdam
32,32,767,555,33,39,False,./input/Rotterdam_31_aug_22_2/Rotterdam_31_aug_22_2_02_10.jpg,12,76.63223864666881,False,Rotterdam
33,33,969,597,26,82,True,./input/Rotterdam_31_aug_22_2/Rotterdam_31_aug_22_2_02_11.jpg,31,129.03487900563945,True,Rotterdam
34,34,844,598,117,128,True,./input/Rotterdam_31_aug_22_2/Rotterdam_31_aug_22_2_02_11.jpg,31,260.12352834759105,True,Rotterdam
35,35,886,842,123,28,True,./input/Rotterdam_31_aug_22_2/Rotterdam_31_aug_22_2_02_11.jpg,31,189.22010992492315,True,Rotterdam
36,36,623,857,14,29,True,./input/Rotterdam_31_aug_22_2/Rotterdam_31_aug_22_2_02_11.jpg,31,48.30372656431385,True,Rotterdam
37,37,643,206,11,6,False,./input/Rotterdam_31_aug_22_2/Rotterdam_31_aug_22_2_02_11.jpg,31,18.7949461292125,False,Rotterdam
38,38,160,917,47,12,True,./input/Rotterdam_31_aug_22_2/Rotterdam_31_aug_22_2_02_11.jpg,31,72.76159701380942,True,Rotterdam
39,39,116,638,71,47,True,./input/Rotterdam_31_aug_22_2/Rotterdam_31_aug_22_2_02_11.jpg,31,127.720397744448,True,Rotterdam
40,40,29,40,216,78,True,./input/Rotterdam_31_aug_22_2/Rotterdam_31_aug_22_2_02_11.jpg,31,344.47786576208347,True,Rotterdam
41,41,540,864,11,27,False,./input/Rotterdam_31_aug_22_2/Rotterdam_31_aug_22_2_02_11.jpg,31,43.73213921133976,False,Rotterdam
42,42,449,163,102,31,True,./input/Rotterdam_31_aug_22_2/Rotterdam_31_aug_22_2_02_11.jpg,31,159.91013101114015,True,Rotterdam
43,43,6,831,83,22,False,./input/Rotterdam_31_aug_22_2/Rotterdam_31_aug_22_2_02_12.jpg,5,128.79926242024834,False,Rotterdam
44,44,620,339,248,82,True,./input/Rotterdam_31_aug_22_2/Rotterdam_31_aug_22_2_02_12.jpg,5,391.807350620174,True,Rotterdam
45,45,218,813,108,27,True,./input/Rotterdam_31_aug_22_2/Rotterdam_31_aug_22_2_02_12.jpg,5,166.98577783751526,True,Rotterdam
46,46,1008,320,9,9,False,./input/Rotterdam_31_aug_22_2/Rotterdam_31_aug_22_2_02_12.jpg,5,19.09188309203678,False,Rotterdam
47,47,923,833,90,122,False,./input/Rotterdam_31_aug_22_2/Rotterdam_31_aug_22_2_02_12.jpg,5,227.4071238989667,False,Rotterdam
48,48,564,665,25,9,True,./input/Rotterdam_31_aug_22_2/Rotterdam_31_aug_22_2_02_12.jpg,5,39.85599076675927,True,Rotterdam
49,49,445,618,52,36,True,./input/Rotterdam_31_aug_22_2/Rotterdam_31_aug_22_2_02_13.jpg,3,94.86832980505136,True,Rotterdam
50,50,353,945,11,15,False,./input/Rotterdam_31_aug_22_2/Rotterdam_31_aug_22_2_02_13.jpg,3,27.90161285660741,False,Rotterdam
51,51,0,856,28,154,True,./input/Rotterdam_31_aug_22_2/Rotterdam_31_aug_22_2_02_13.jpg,3,234.78713763747788,True,Rotterdam
52,52,250,101,179,245,False,./input/Rotterdam_31_aug_22_2/Rotterdam_31_aug_22_2_02_13.jpg,3,455.135694051785,False,Rotterdam
53,53,190,377,24,12,False,./input/Rotterdam_31_aug_22_2/Rotterdam_31_aug_22_2_02_13.jpg,3,40.24922359499622,False,Rotterdam
54,54,264,33,12,14,False,./input/Rotterdam_31_aug_22_2/Rotterdam_31_aug_22_2_03_04.jpg,0,27.65863337187866,False,Rotterdam
55,55,901,278,70,51,True,./input/Rotterdam_31_aug_22_2/Rotterdam_31_aug_22_2_03_08.jpg,4,129.91247053304775,True,Rotterdam
56,56,687,691,43,25,False,./input/Rotterdam_31_aug_22_2/Rotterdam_31_aug_22_2_03_08.jpg,4,74.60898069267532,False,Rotterdam
57,57,658,644,237,185,False,./input/Rotterdam_31_aug_22_2/Rotterdam_31_aug_22_2_03_09.jpg,5,450.9839243254686,False,Rotterdam
58,58,90,231,13,13,False,./input/Rotterdam_31_aug_22_2/Rotterdam_31_aug_22_2_03_09.jpg,5,27.577164466275352,False,Rotterdam
59,59,992,27,32,28,False,./input/Rotterdam_31_aug_22_2/Rotterdam_31_aug_22_2_03_09.jpg,5,63.7808748764079,False,Rotterdam
60,60,752,283,200,165,False,./input/Rotterdam_31_aug_22_2/Rotterdam_31_aug_22_2_03_10.jpg,5,388.9167648739252,False,Rotterdam
61,61,994,808,24,13,True,./input/Rotterdam_31_aug_22_2/Rotterdam_31_aug_22_2_03_10.jpg,5,40.94203219186854,True,Rotterdam
62,62,376,1,65,103,False,./input/Rotterdam_31_aug_22_2/Rotterdam_31_aug_22_2_03_10.jpg,5,182.69236437246084,False,Rotterdam
63,63,991,548,33,22,True,./input/Rotterdam_31_aug_22_2/Rotterdam_31_aug_22_2_03_10.jpg,5,59.491596045155816,True,Rotterdam
64,64,288,244,145,222,False,./input/Rotterdam_31_aug_22_2/Rotterdam_31_aug_22_2_03_10.jpg,5,397.7376647992996,False,Rotterdam
65,65,957,397,67,105,False,./input/Rotterdam_31_aug_22_2/Rotterdam_31_aug_22_2_03_10.jpg,5,186.83281296389023,False,Rotterdam
66,66,801,447,137,196,True,./input/Rotterdam_31_aug_22_2/Rotterdam_31_aug_22_2_03_10.jpg,5,358.7007805957495,True,Rotterdam
67,67,855,352,169,35,True,./input/Rotterdam_31_aug_22_2/Rotterdam_31_aug_22_2_03_11.jpg,11,258.8793155120741,True,Rotterdam
68,68,78,935,54,24,False,./input/Rotterdam_31_aug_22_2/Rotterdam_31_aug_22_2_03_11.jpg,11,88.63972021616495,False,Rotterdam
69,69,399,553,60,27,False,./input/Rotterdam_31_aug_22_2/Rotterdam_31_aug_22_2_03_11.jpg,11,98.69270489757588,False,Rotterdam
70,70,4,859,79,15,True,./input/Rotterdam_31_aug_22_2/Rotterdam_31_aug_22_2_03_11.jpg,11,120.61716295784774,True,Rotterdam
71,71,509,365,300,71,True,./input/Rotterdam_31_aug_22_2/Rotterdam_31_aug_22_2_03_11.jpg,11,462.43080563474575,True,Rotterdam
72,72,19,606,27,34,False,./input/Rotterdam_31_aug_22_2/Rotterdam_31_aug_22_2_03_11.jpg,11,65.12488003827724,False,Rotterdam
73,73,12,835,199,62,True,./input/Rotterdam_31_aug_22_2/Rotterdam_31_aug_22_2_03_12.jpg,9,312.6519630515695,True,Rotterdam
74,74,773,233,106,18,True,./input/Rotterdam_31_aug_22_2/Rotterdam_31_aug_22_2_03_12.jpg,9,161.27616066858735,True,Rotterdam
75,75,0,335,93,31,False,./input/Rotterdam_31_aug_22_2/Rotterdam_31_aug_22_2_03_12.jpg,9,147.04591119782964,False,Rotterdam
76,76,259,299,121,35,False,./input/Rotterdam_31_aug_22_2/Rotterdam_31_aug_22_2_03_12.jpg,9,188.9404668142852,False,Rotterdam
77,77,587,740,57,25,True,./input/Rotterdam_31_aug_22_2/Rotterdam_31_aug_22_2_03_12.jpg,9,93.36219791757262,True,Rotterdam
78,78,147,328,32,26,False,./input/Rotterdam_31_aug_22_2/Rotterdam_31_aug_22_2_03_12.jpg,9,61.84658438426492,False,Rotterdam
79,79,120,70,58,91,True,./input/Rotterdam_31_aug_22_2/Rotterdam_31_aug_22_2_03_13.jpg,9,161.8680017792275,True,Rotterdam
80,80,410,600,11,14,False,./input/Rotterdam_31_aug_22_2/Rotterdam_31_aug_22_2_03_13.jpg,9,26.706740722147288,False,Rotterdam
81,81,385,194,15,33,True,./input/Rotterdam_31_aug_22_2/Rotterdam_31_aug_22_2_03_13.jpg,9,54.37370688117558,True,Rotterdam
82,82,468,418,82,213,False,./input/Rotterdam_31_aug_22_2/Rotterdam_31_aug_22_2_03_13.jpg,9,342.35836487517,False,Rotterdam
83,83,538,266,24,19,False,./input/Rotterdam_31_aug_22_2/Rotterdam_31_aug_22_2_04_09.jpg,0,45.9156835950419,False,Rotterdam
85,85,919,435,92,41,False,./input/Rotterdam_31_aug_22_2/Rotterdam_31_aug_22_2_04_09.jpg,0,151.08358613694605,False,Rotterdam
86,86,554,226,46,124,False,./input/Rotterdam_31_aug_22_2/Rotterdam_31_aug_22_2_04_10.jpg,0,198.3859874083853,False,Rotterdam
87,87,342,0,215,49,False,./input/Rotterdam_31_aug_22_2/Rotterdam_31_aug_22_2_04_10.jpg,0,330.7695572449194,False,Rotterdam
88,88,229,166,52,63,True,./input/Rotterdam_31_aug_22_2/Rotterdam_31_aug_22_2_04_11.jpg,6,122.53264871045592,True,Rotterdam
89,89,164,36,92,44,False,./input/Rotterdam_31_aug_22_2/Rotterdam_31_aug_22_2_04_11.jpg,6,152.97058540778357,False,Rotterdam
90,90,762,426,23,11,False,./input/Rotterdam_31_aug_22_2/Rotterdam_31_aug_22_2_04_11.jpg,6,38.242646351945886,False,Rotterdam
91,91,683,365,68,42,False,./input/Rotterdam_31_aug_22_2/Rotterdam_31_aug_22_2_04_11.jpg,6,119.88744721612852,False,Rotterdam
92,92,581,216,34,12,True,./input/Rotterdam_31_aug_22_2/Rotterdam_31_aug_22_2_04_11.jpg,6,54.08326913195984,True,Rotterdam
93,93,894,43,83,36,True,./input/Rotterdam_31_aug_22_2/Rotterdam_31_aug_22_2_04_11.jpg,6,135.70648473820256,True,Rotterdam
94,94,316,253,18,12,True,./input/Rotterdam_31_aug_22_2/Rotterdam_31_aug_22_2_04_11.jpg,6,32.449961479175904,True,Rotterdam
96,96,123,515,10,10,False,./input/Rotterdam_31_aug_22_2/Rotterdam_31_aug_22_2_04_12.jpg,0,21.213203435596427,False,Rotterdam
99,99,359,504,82,27,False,./input/Rotterdam_31_aug_22_2/Rotterdam_31_aug_22_2_04_13.jpg,0,129.49613893857995,False,Rotterdam
0,0,25,0,479,218,False,./input/Suez_05_Dec_2021/Suez_05_Dec_2021_02_04.jpg,0,157.8823929385414,Unknown,Suez
1,1,859,5,87,167,False,./input/Suez_05_Dec_2021/Suez_05_Dec_2021_02_05.jpg,0,56.49088422037666,Unknown,Suez
2,2,376,228,146,51,False,./input/Suez_05_Dec_2021/Suez_05_Dec_2021_02_05.jpg,0,46.395366147924726,Unknown,Suez
3,3,143,353,126,306,False,./input/Suez_05_Dec_2021/Suez_05_Dec_2021_02_06.jpg,0,99.27779207859128,Unknown,Suez
4,4,119,11,312,180,False,./input/Suez_05_Dec_2021/Suez_05_Dec_2021_03_02.jpg,0,108.05998334258616,Unknown,Suez
5,5,80,472,12,12,False,./input/Suez_05_Dec_2021/Suez_05_Dec_2021_03_02.jpg,0,5.091168824543142,Unknown,Suez
6,6,7,162,97,16,False,./input/Suez_05_Dec_2021/Suez_05_Dec_2021_03_02.jpg,0,29.49321955975644,Unknown,Suez
7,7,678,879,120,107,False,./input/Suez_05_Dec_2021/Suez_05_Dec_2021_03_04.jpg,0,48.23287260779726,Unknown,Suez
8,8,624,848,264,118,False,./input/Suez_05_Dec_2021/Suez_05_Dec_2021_03_08.jpg,0,86.75136886528072,Unknown,Suez
9,9,596,886,105,48,False,./input/Suez_05_Dec_2021/Suez_05_Dec_2021_04_01.jpg,0,34.635386528808944,Unknown,Suez
10,10,597,822,21,14,False,./input/Suez_05_Dec_2021/Suez_05_Dec_2021_04_04.jpg,0,7.571657678474377,Unknown,Suez
11,11,608,936,28,13,False,./input/Suez_05_Dec_2021/Suez_05_Dec_2021_04_05.jpg,0,9.261209424259878,Unknown,Suez
12,12,802,847,22,22,False,./input/Suez_05_Dec_2021/Suez_05_Dec_2021_04_05.jpg,0,9.333809511662428,Unknown,Suez
13,13,464,134,42,18,False,./input/Suez_05_Dec_2021/Suez_05_Dec_2021_04_05.jpg,0,13.708391590555037,Unknown,Suez
14,14,672,887,76,137,False,./input/Suez_05_Dec_2021/Suez_05_Dec_2021_04_06.jpg,0,47.00053191188372,Unknown,Suez
15,15,190,97,47,309,False,./input/Suez_05_Dec_2021/Suez_05_Dec_2021_04_06.jpg,0,93.7661986005618,Unknown,Suez
16,16,94,1,26,34,False,./input/Suez_05_Dec_2021/Suez_05_Dec_2021_04_06.jpg,0,12.840560735419617,Unknown,Suez
17,17,26,371,123,132,False,./input/Suez_05_Dec_2021/Suez_05_Dec_2021_04_08.jpg,0,54.12734983351762,Unknown,Suez
18,18,351,469,29,15,False,./input/Suez_05_Dec_2021/Suez_05_Dec_2021_04_09.jpg,0,9.794896630388704,Unknown,Suez
19,19,671,305,146,73,False,./input/Suez_05_Dec_2021/Suez_05_Dec_2021_05_05.jpg,0,48.96988870724539,Unknown,Suez
20,20,174,954,68,46,False,./input/Suez_05_Dec_2021/Suez_05_Dec_2021_05_05.jpg,0,24.62925090212855,Unknown,Suez
21,21,292,224,18,16,False,./input/Suez_05_Dec_2021/Suez_05_Dec_2021_05_05.jpg,0,7.224956747275377,Unknown,Suez
22,22,700,0,85,148,False,./input/Suez_05_Dec_2021/Suez_05_Dec_2021_05_06.jpg,0,51.20166012933564,Unknown,Suez
23,23,345,505,12,17,False,./input/Suez_05_Dec_2021/Suez_05_Dec_2021_05_06.jpg,0,6.242595614005444,Unknown,Suez
24,24,245,594,32,44,False,./input/Suez_05_Dec_2021/Suez_05_Dec_2021_05_06.jpg,0,16.321764610482532,Unknown,Suez
25,25,93,441,28,11,False,./input/Suez_05_Dec_2021/Suez_05_Dec_2021_05_10.jpg,0,9.024965373894794,Unknown,Suez
26,26,734,59,164,30,False,./input/Suez_05_Dec_2021/Suez_05_Dec_2021_06_05.jpg,0,50.01639731128182,Unknown,Suez
27,27,960,537,64,32,False,./input/Suez_05_Dec_2021/Suez_05_Dec_2021_06_05.jpg,0,21.46625258399798,Unknown,Suez
28,28,1,508,89,42,False,./input/Suez_05_Dec_2021/Suez_05_Dec_2021_06_06.jpg,0,29.523719277895864,Unknown,Suez
29,29,758,0,143,186,False,./input/Suez_05_Dec_2021/Suez_05_Dec_2021_06_08.jpg,0,70.38501260921959,Unknown,Suez
30,30,674,639,95,95,False,./input/Suez_05_Dec_2021/Suez_05_Dec_2021_06_10.jpg,0,40.30508652763321,Unknown,Suez
31,31,833,556,13,16,False,./input/Suez_05_Dec_2021/Suez_05_Dec_2021_06_10.jpg,0,6.184658438426491,Unknown,Suez
32,32,470,451,15,11,False,./input/Suez_05_Dec_2021/Suez_05_Dec_2021_06_11.jpg,0,5.580322571321482,Unknown,Suez
33,33,186,566,36,153,False,./input/Suez_05_Dec_2021/Suez_05_Dec_2021_07_01.jpg,0,47.15347283074705,Unknown,Suez
34,34,166,188,218,63,False,./input/Suez_05_Dec_2021/Suez_05_Dec_2021_07_01.jpg,0,68.07620729741045,Unknown,Suez
35,35,646,343,211,258,False,./input/Suez_05_Dec_2021/Suez_05_Dec_2021_07_07.jpg,0,99.98824930960636,Unknown,Suez
36,36,997,309,18,14,False,./input/Suez_05_Dec_2021/Suez_05_Dec_2021_07_07.jpg,0,6.841052550594827,Unknown,Suez
37,37,506,150,179,100,False,./input/Suez_05_Dec_2021/Suez_05_Dec_2021_07_08.jpg,0,61.511706202965954,Unknown,Suez
38,38,917,386,103,25,False,./input/Suez_05_Dec_2021/Suez_05_Dec_2021_07_08.jpg,0,31.797169685366647,Unknown,Suez
39,39,0,393,81,24,False,./input/Suez_05_Dec_2021/Suez_05_Dec_2021_07_09.jpg,0,25.344230112591703,Unknown,Suez
40,40,486,423,15,12,False,./input/Suez_05_Dec_2021/Suez_05_Dec_2021_07_12.jpg,0,5.762811813689564,Unknown,Suez
41,41,511,774,99,57,False,./input/Suez_05_Dec_2021/Suez_05_Dec_2021_08_01.jpg,0,34.27097897638759,Unknown,Suez
42,42,992,663,12,10,False,./input/Suez_05_Dec_2021/Suez_05_Dec_2021_08_01.jpg,0,4.686149805543992,Unknown,Suez
43,43,326,216,335,200,False,./input/Suez_05_Dec_2021/Suez_05_Dec_2021_08_03.jpg,0,117.0480670493964,Unknown,Suez
44,44,78,472,15,17,False,./input/Suez_05_Dec_2021/Suez_05_Dec_2021_08_03.jpg,0,6.80147042925278,Unknown,Suez
45,45,763,361,25,15,False,./input/Suez_05_Dec_2021/Suez_05_Dec_2021_08_03.jpg,0,8.74642784226795,Unknown,Suez
46,46,477,50,29,25,False,./input/Suez_05_Dec_2021/Suez_05_Dec_2021_08_06.jpg,0,11.486513831445988,Unknown,Suez
47,47,1000,972,12,12,False,./input/Suez_05_Dec_2021/Suez_05_Dec_2021_08_08.jpg,0,5.091168824543142,Unknown,Suez
48,48,25,151,206,28,False,./input/Suez_05_Dec_2021/Suez_05_Dec_2021_08_09.jpg,0,62.36826115902222,Unknown,Suez
49,49,817,715,148,150,False,./input/Suez_05_Dec_2021/Suez_05_Dec_2021_08_09.jpg,0,63.21676992697428,Unknown,Suez
50,50,522,259,169,73,False,./input/Suez_05_Dec_2021/Suez_05_Dec_2021_08_09.jpg,0,55.22771043597589,Unknown,Suez
51,51,871,348,71,36,False,./input/Suez_05_Dec_2021/Suez_05_Dec_2021_08_09.jpg,0,23.881582862113643,Unknown,Suez
52,52,176,565,95,245,False,./input/Suez_05_Dec_2021/Suez_05_Dec_2021_08_12.jpg,0,78.83210006082548,Unknown,Suez
53,53,155,0,273,249,False,./input/Suez_05_Dec_2021/Suez_05_Dec_2021_09_01.jpg,0,110.84989851145558,Unknown,Suez
54,54,716,588,13,12,False,./input/Suez_05_Dec_2021/Suez_05_Dec_2021_09_02.jpg,0,5.307541803886239,Unknown,Suez
55,55,58,151,18,17,False,./input/Suez_05_Dec_2021/Suez_05_Dec_2021_09_02.jpg,0,7.427651041883968,Unknown,Suez
56,56,857,886,11,14,False,./input/Suez_05_Dec_2021/Suez_05_Dec_2021_09_05.jpg,0,5.341348144429457,Unknown,Suez
57,57,6,150,9,12,False,./input/Suez_05_Dec_2021/Suez_05_Dec_2021_09_05.jpg,0,4.5,Unknown,Suez
58,58,783,21,190,75,False,./input/Suez_05_Dec_2021/Suez_05_Dec_2021_09_06.jpg,0,61.28009464744649,Unknown,Suez
59,59,475,536,171,40,False,./input/Suez_05_Dec_2021/Suez_05_Dec_2021_09_07.jpg,0,52.68481754737317,Unknown,Suez
60,60,605,613,254,273,False,./input/Suez_05_Dec_2021/Suez_05_Dec_2021_09_09.jpg,0,111.8662147388567,Unknown,Suez
61,61,118,191,152,66,False,./input/Suez_05_Dec_2021/Suez_05_Dec_2021_09_10.jpg,0,49.71317732754567,Unknown,Suez
62,62,930,393,94,51,False,./input/Suez_05_Dec_2021/Suez_05_Dec_2021_09_10.jpg,0,32.08317315977333,Unknown,Suez
63,63,0,378,65,31,False,./input/Suez_05_Dec_2021/Suez_05_Dec_2021_09_11.jpg,0,21.6041662648666,Unknown,Suez
64,64,169,0,254,242,False,./input/Suez_05_Dec_2021/Suez_05_Dec_2021_10_02.jpg,0,105.24827789565012,Unknown,Suez
65,65,140,455,42,32,False,./input/Suez_05_Dec_2021/Suez_05_Dec_2021_10_03.jpg,0,15.8404545389329,Unknown,Suez
66,66,600,743,14,11,False,./input/Suez_05_Dec_2021/Suez_05_Dec_2021_10_03.jpg,0,5.341348144429457,Unknown,Suez
67,67,651,812,19,12,False,./input/Suez_05_Dec_2021/Suez_05_Dec_2021_10_03.jpg,0,6.741661516273269,Unknown,Suez
68,68,534,1002,18,16,False,./input/Suez_05_Dec_2021/Suez_05_Dec_2021_10_03.jpg,0,7.224956747275377,Unknown,Suez
69,69,1005,242,9,9,False,./input/Suez_05_Dec_2021/Suez_05_Dec_2021_10_05.jpg,0,3.818376618407356,Unknown,Suez
70,70,561,873,213,61,False,./input/Suez_05_Dec_2021/Suez_05_Dec_2021_10_09.jpg,0,66.46878966853541,Unknown,Suez
71,71,317,599,234,81,False,./input/Suez_05_Dec_2021/Suez_05_Dec_2021_10_09.jpg,0,74.28680905786706,Unknown,Suez
72,72,884,75,140,74,False,./input/Suez_05_Dec_2021/Suez_05_Dec_2021_10_10.jpg,0,47.50621012036216,Unknown,Suez
73,73,233,416,129,48,False,./input/Suez_05_Dec_2021/Suez_05_Dec_2021_10_11.jpg,1,41.292251089036064,Unknown,Suez
74,74,0,83,27,27,False,./input/Suez_05_Dec_2021/Suez_05_Dec_2021_10_11.jpg,1,11.45512985522207,Unknown,Suez
75,75,172,0,220,202,False,./input/Suez_05_Dec_2021/Suez_05_Dec_2021_11_03.jpg,0,89.60111606447768,Unknown,Suez
76,76,0,814,219,209,False,./input/Suez_05_Dec_2021/Suez_05_Dec_2021_11_04.jpg,0,90.81728910290154,Unknown,Suez
77,77,215,582,187,85,False,./input/Suez_05_Dec_2021/Suez_05_Dec_2021_11_10.jpg,0,61.62353446533232,Unknown,Suez
78,78,404,689,204,210,False,./input/Suez_05_Dec_2021/Suez_05_Dec_2021_11_11.jpg,0,87.83188487104213,Unknown,Suez
79,79,677,224,117,20,False,./input/Suez_05_Dec_2021/Suez_05_Dec_2021_11_11.jpg,0,35.609128043241945,Unknown,Suez
80,80,397,744,66,34,False,./input/Suez_05_Dec_2021/Suez_05_Dec_2021_11_12.jpg,0,22.272853431924705,Unknown,Suez
81,81,200,0,301,297,False,./input/Suez_05_Dec_2021/Suez_05_Dec_2021_12_04.jpg,0,126.85779439987122,Unknown,Suez
82,82,185,339,11,9,False,./input/Suez_05_Dec_2021/Suez_05_Dec_2021_12_05.jpg,0,4.263801121065568,Unknown,Suez
83,83,176,832,32,50,False,./input/Suez_05_Dec_2021/Suez_05_Dec_2021_12_06.jpg,0,17.808986495586996,Unknown,Suez
84,84,747,853,116,85,False,./input/Suez_05_Dec_2021/Suez_05_Dec_2021_12_07.jpg,0,43.14267029287825,Unknown,Suez
85,85,0,964,166,60,False,./input/Suez_05_Dec_2021/Suez_05_Dec_2021_12_13.jpg,0,52.95318687293523,Unknown,Suez
86,86,246,232,89,50,False,./input/Suez_05_Dec_2021/Suez_05_Dec_2021_13_08.jpg,0,30.62498979591667,Unknown,Suez
87,87,443,510,104,173,False,./input/Suez_05_Dec_2021/Suez_05_Dec_2021_13_08.jpg,0,60.55617227005023,Unknown,Suez
88,88,907,965,47,59,False,./input/Suez_05_Dec_2021/Suez_05_Dec_2021_13_08.jpg,0,22.629626598775328,Unknown,Suez
89,89,683,936,20,15,False,./input/Suez_05_Dec_2021/Suez_05_Dec_2021_13_09.jpg,0,7.5,Unknown,Suez
90,90,703,794,128,109,False,./input/Suez_05_Dec_2021/Suez_05_Dec_2021_13_09.jpg,0,50.436593858031294,Unknown,Suez
91,91,425,639,65,72,False,./input/Suez_05_Dec_2021/Suez_05_Dec_2021_13_09.jpg,0,29.1,Unknown,Suez
92,92,1006,706,16,16,False,./input/Suez_05_Dec_2021/Suez_05_Dec_2021_13_09.jpg,0,6.788225099390856,Unknown,Suez
93,93,875,618,15,13,False,./input/Suez_05_Dec_2021/Suez_05_Dec_2021_13_10.jpg,0,5.954829972383762,Unknown,Suez
94,94,258,891,12,20,False,./input/Suez_05_Dec_2021/Suez_05_Dec_2021_13_10.jpg,0,6.997142273814361,Unknown,Suez
95,95,49,23,293,164,False,./input/Suez_05_Dec_2021/Suez_05_Dec_2021_13_13.jpg,0,100.73256672993098,Unknown,Suez
96,96,858,0,166,175,False,./input/Suez_05_Dec_2021/Suez_05_Dec_2021_14_07.jpg,0,72.36221389648053,Unknown,Suez
97,97,653,0,254,366,False,./input/Suez_05_Dec_2021/Suez_05_Dec_2021_14_09.jpg,0,133.65058922429034,Unknown,Suez
98,98,521,319,98,79,False,./input/Suez_05_Dec_2021/Suez_05_Dec_2021_14_10.jpg,0,37.76307720512194,Unknown,Suez
99,99,24,620,49,32,False,./input/Suez_05_Dec_2021/Suez_05_Dec_2021_14_11.jpg,0,17.55704986607944,Unknown,Suez
100,100,935,0,88,82,False,./input/Suez_05_Dec_2021/Suez_05_Dec_2021_15_08.jpg,0,36.084899889011744,Unknown,Suez
101,101,0,25,206,234,False,./input/Suez_05_Dec_2021/Suez_05_Dec_2021_15_09.jpg,0,93.52689452772394,Unknown,Suez
102,102,439,22,62,52,False,./input/Suez_05_Dec_2021/Suez_05_Dec_2021_15_09.jpg,0,24.27591398897269,Unknown,Suez
103,103,214,957,123,27,False,./input/Suez_05_Dec_2021/Suez_05_Dec_2021_15_11.jpg,0,37.77856535126764,Unknown,Suez
104,104,866,591,158,93,False,./input/Suez_05_Dec_2021/Suez_05_Dec_2021_16_11.jpg,0,55.00154543283306,Unknown,Suez
105,105,53,548,570,238,False,./input/Suez_05_Dec_2021/Suez_05_Dec_2021_16_12.jpg,0,185.3077440367779,Unknown,Suez
